caldt,spindx,sprtrn
2015-01-05,2020.58,-0.01827811
2015-01-06,2002.61,-0.008893485999999999
2015-01-07,2025.9,0.01162982
2015-01-08,2062.14,0.01788835
2015-01-09,2044.81,-0.008403891
2015-01-12,2028.26,-0.008093662
2015-01-13,2023.03,-0.002578565
2015-01-14,2011.27,-0.005813063
2015-01-15,1992.67,-0.009247888
2015-01-16,2019.42,0.013424200000000002
2015-01-20,2022.55,0.00154995
2015-01-21,2032.12,0.00473165
2015-01-22,2063.15,0.01526977
2015-01-23,2051.82,-0.005491603
2015-01-26,2057.09,0.0025684510000000002
2015-01-27,2029.55,-0.01338784
2015-01-28,2002.16,-0.013495600000000002
2015-01-29,2021.25,0.009534703
2015-01-30,1994.99,-0.01299196
2015-02-02,2020.85,0.01296247
2015-02-03,2050.03,0.01443947
2015-02-04,2041.51,-0.0041560370000000004
2015-02-05,2062.52,0.010291400000000001
2015-02-06,2055.47,-0.003418149
2015-02-09,2046.74,-0.004247204
2015-02-10,2068.59,0.01067551
2015-02-11,2068.53,-2.900526e-05
2015-02-12,2088.48,0.00964453
2015-02-13,2096.99,0.004074734
2015-02-17,2100.34,0.001597528
2015-02-18,2099.68,-0.0003142348
2015-02-19,2097.45,-0.0010620669999999999
2015-02-20,2110.3,0.006126487000000001
2015-02-23,2109.66,-0.0003032744
2015-02-24,2115.48,0.0027587379999999997
2015-02-25,2113.86,-0.0007657836999999999
2015-02-26,2110.74,-0.0014759729999999998
2015-02-27,2104.5,-0.0029563090000000003
2015-03-02,2117.39,0.006124971000000001
2015-03-03,2107.78,-0.004538606000000001
2015-03-04,2098.53,-0.0043885040000000005
2015-03-05,2101.04,0.001196075
2015-03-06,2071.26,-0.01417393
2015-03-09,2079.43,0.003944459
2015-03-10,2044.16,-0.01696138
2015-03-11,2040.24,-0.0019176579999999998
2015-03-12,2065.95,0.01260146
2015-03-13,2053.4,-0.006074687
2015-03-16,2081.19,0.01353365
2015-03-17,2074.28,-0.003320216
2015-03-18,2099.5,0.01215844
2015-03-19,2089.27,-0.004872589
2015-03-20,2108.1,0.009012718
2015-03-23,2104.42,-0.0017456479999999998
2015-03-24,2091.5,-0.006139459000000001
2015-03-25,2061.05,-0.01455893
2015-03-26,2056.15,-0.002377429
2015-03-27,2061.02,0.002368504
2015-03-30,2086.24,0.01223666
2015-03-31,2067.89,-0.008795728000000001
2015-04-01,2059.69,-0.003965395
2015-04-02,2066.96,0.0035296570000000003
2015-04-06,2080.62,0.006608739000000001
2015-04-07,2076.33,-0.002061885
2015-04-08,2081.9,0.002682618
2015-04-09,2091.18,0.0044574670000000005
2015-04-10,2102.06,0.005202804
2015-04-13,2092.43,-0.00458122
2015-04-14,2095.84,0.001629684
2015-04-15,2106.63,0.005148294
2015-04-16,2104.99,-0.0007784946000000001
2015-04-17,2081.18,-0.01131122
2015-04-20,2100.4,0.009235146
2015-04-21,2097.29,-0.00148067
2015-04-22,2107.96,0.005087518
2015-04-23,2112.93,0.00235773
2015-04-24,2117.69,0.002252796
2015-04-27,2108.92,-0.0041413050000000005
2015-04-28,2114.76,0.00276919
2015-04-29,2106.85,-0.003740377
2015-04-30,2085.51,-0.01012887
2015-05-01,2108.29,0.01092299
2015-05-04,2114.49,0.002940772
2015-05-05,2089.46,-0.01183737
2015-05-06,2080.15,-0.004455697000000001
2015-05-07,2088.0,0.0037737659999999996
2015-05-08,2116.1,0.01345785
2015-05-11,2105.33,-0.005089552000000001
2015-05-12,2099.12,-0.0029496559999999997
2015-05-13,2098.48,-0.0003048897
2015-05-14,2121.1,0.01077923
2015-05-15,2122.73,0.0007684692
2015-05-18,2129.2,0.003047962
2015-05-19,2127.83,-0.0006434342
2015-05-20,2125.85,-0.0009305255
2015-05-21,2130.82,0.0023378879999999998
2015-05-22,2126.06,-0.002233882
2015-05-26,2104.2,-0.01028193
2015-05-27,2123.48,0.009162627
2015-05-28,2120.79,-0.001266788
2015-05-29,2107.39,-0.0063184
2015-06-01,2111.73,0.002059419
2015-06-02,2109.6,-0.001008652
2015-06-03,2114.07,0.002118885
2015-06-04,2095.84,-0.008623177000000001
2015-06-05,2092.83,-0.001436178
2015-06-08,2079.28,-0.006474486999999999
2015-06-09,2080.15,0.0004184141
2015-06-10,2105.2,0.0120424
2015-06-11,2108.86,0.0017385520000000002
2015-06-12,2094.11,-0.0069943
2015-06-15,2084.43,-0.0046224890000000005
2015-06-16,2096.29,0.005689805
2015-06-17,2100.44,0.001979688
2015-06-18,2121.24,0.009902687
2015-06-19,2109.99,-0.005303502000000001
2015-06-22,2122.85,0.006094815999999999
2015-06-23,2124.2,0.0006359376
2015-06-24,2108.58,-0.007353357
2015-06-25,2102.31,-0.002973565
2015-06-26,2101.49,-0.0003900471
2015-06-29,2057.64,-0.02086615
2015-06-30,2063.11,0.002658385
2015-07-01,2077.42,0.006936131000000001
2015-07-02,2076.78,-0.0003080744
2015-07-06,2068.76,-0.003861747
2015-07-07,2081.34,0.006080938
2015-07-08,2046.68,-0.01665273
2015-07-09,2051.31,0.0022622
2015-07-10,2076.62,0.01233846
2015-07-13,2099.6,0.01106606
2015-07-14,2108.95,0.004453229
2015-07-15,2107.4,-0.0007349628999999999
2015-07-16,2124.29,0.008014616
2015-07-17,2126.64,0.001106252
2015-07-20,2128.28,0.0007711696
2015-07-21,2119.21,-0.004261657
2015-07-22,2114.15,-0.002387682
2015-07-23,2102.15,-0.00567604
2015-07-24,2079.65,-0.01070333
2015-07-27,2067.64,-0.0057750100000000006
2015-07-28,2093.25,0.0123861
2015-07-29,2108.57,0.0073187630000000016
2015-07-30,2108.63,2.8455300000000002e-05
2015-07-31,2103.84,-0.002271617
2015-08-03,2098.04,-0.0027568640000000004
2015-08-04,2093.32,-0.002249719
2015-08-05,2099.84,0.00311467
2015-08-06,2083.56,-0.0077529719999999995
2015-08-07,2077.57,-0.002874887
2015-08-10,2104.18,0.01280823
2015-08-11,2084.07,-0.009557167
2015-08-12,2086.05,0.0009500639999999999
2015-08-13,2083.39,-0.001275137
2015-08-14,2091.54,0.003911894
2015-08-17,2102.44,0.0052114710000000005
2015-08-18,2096.92,-0.0026255209999999996
2015-08-19,2079.61,-0.008254965000000001
2015-08-20,2035.73,-0.02110011
2015-08-21,1970.89,-0.03185098
2015-08-24,1893.21,-0.03941366
2015-08-25,1867.61,-0.01352201
2015-08-26,1940.51,0.03903385
2015-08-27,1987.66,0.02429774
2015-08-28,1988.87,0.000608756
2015-08-31,1972.18,-0.0083917
2015-09-01,1913.85,-0.02957641
2015-09-02,1948.86,0.01829297
2015-09-03,1951.13,0.001164783
2015-09-04,1921.22,-0.01532958
2015-09-08,1969.41,0.02508302
2015-09-09,1942.04,-0.01389756
2015-09-10,1952.29,0.005277955
2015-09-11,1961.05,0.004487038
2015-09-14,1953.03,-0.004089646000000001
2015-09-15,1978.09,0.01283134
2015-09-16,1995.31,0.008705367
2015-09-17,1990.2,-0.0025610060000000002
2015-09-18,1958.03,-0.0161642
2015-09-21,1966.97,0.0045658140000000005
2015-09-22,1942.74,-0.01231844
2015-09-23,1938.76,-0.0020486529999999997
2015-09-24,1932.24,-0.0033629740000000003
2015-09-25,1931.34,-0.0004657806
2015-09-28,1881.77,-0.02566612
2015-09-29,1884.09,0.001232882
2015-09-30,1920.03,0.01907552
2015-10-01,1923.82,0.0019739270000000003
2015-10-02,1951.36,0.01431527
2015-10-05,1987.05,0.01828981
2015-10-06,1979.92,-0.003588234
2015-10-07,1995.83,0.008035678000000001
2015-10-08,2013.43,0.008818386000000001
2015-10-09,2014.89,0.0007251307000000001
2015-10-12,2017.46,0.001275504
2015-10-13,2003.69,-0.006825414
2015-10-14,1994.24,-0.004716299
2015-10-15,2023.86,0.01485278
2015-10-16,2033.11,0.004570474000000001
2015-10-19,2033.66,0.00027052150000000003
2015-10-20,2030.77,-0.0014210829999999999
2015-10-21,2018.94,-0.0058253770000000005
2015-10-22,2052.51,0.01662754
2015-10-23,2075.15,0.011030400000000001
2015-10-26,2071.18,-0.001913115
2015-10-27,2065.89,-0.0025541
2015-10-28,2090.35,0.01183993
2015-10-29,2089.41,-0.0004496855
2015-10-30,2079.36,-0.0048099710000000006
2015-11-02,2104.05,0.01187385
2015-11-03,2109.79,0.0027280720000000002
2015-11-04,2102.31,-0.003545376
2015-11-05,2099.93,-0.001132088
2015-11-06,2099.2,-0.00034763059999999996
2015-11-09,2078.58,-0.00982279
2015-11-10,2081.72,0.0015106470000000002
2015-11-11,2075.0,-0.0032281
2015-11-12,2045.97,-0.01399036
2015-11-13,2023.04,-0.0112074
2015-11-16,2053.19,0.01490331
2015-11-17,2050.44,-0.001339379
2015-11-18,2083.58,0.01616238
2015-11-19,2081.24,-0.001123067
2015-11-20,2089.17,0.003810229
2015-11-23,2086.59,-0.00123494
2015-11-24,2089.14,0.00122209
2015-11-25,2088.87,-0.0001292398
2015-11-27,2090.11,0.0005936224000000001
2015-11-30,2080.41,-0.004640904
2015-12-01,2102.63,0.01068059
2015-12-02,2079.51,-0.01099575
2015-12-03,2049.62,-0.01437358
2015-12-04,2091.69,0.02052576
2015-12-07,2077.07,-0.006989563000000001
2015-12-08,2063.59,-0.006489911
2015-12-09,2047.62,-0.0077389400000000014
2015-12-10,2052.23,0.002251394
2015-12-11,2012.37,-0.01942278
2015-12-14,2021.94,0.004755587
2015-12-15,2043.41,0.01061852
2015-12-16,2073.07,0.01451495
2015-12-17,2041.89,-0.0150405
2015-12-18,2005.55,-0.01779724
2015-12-21,2021.15,0.007778415
2015-12-22,2038.97,0.008816763
2015-12-23,2064.29,0.01241803
2015-12-24,2060.99,-0.0015986129999999998
2015-12-28,2056.5,-0.002178565
2015-12-29,2078.36,0.01062971
2015-12-30,2063.36,-0.007217229
2015-12-31,2043.94,-0.009411833
2016-01-04,2012.66,-0.01530378
2016-01-05,2016.71,0.002012262
2016-01-06,1990.26,-0.01311542
2016-01-07,1943.09,-0.02370042
2016-01-08,1922.03,-0.01083841
2016-01-11,1923.67,0.0008532645
2016-01-12,1938.68,0.007802794000000002
2016-01-13,1890.28,-0.02496544
2016-01-14,1921.84,0.01669594
2016-01-15,1880.33,-0.02159909
2016-01-19,1881.33,0.0005318216
2016-01-20,1859.33,-0.01169385
2016-01-21,1868.99,0.00519542
2016-01-22,1906.9,0.02028368
2016-01-25,1877.08,-0.01563795
2016-01-26,1903.63,0.01414431
2016-01-27,1882.95,-0.01086346
2016-01-28,1893.36,0.005528559000000001
2016-01-29,1940.24,0.02476021
2016-02-01,1939.38,-0.00044324410000000006
2016-02-02,1903.03,-0.0187431
2016-02-03,1912.53,0.004992039
2016-02-04,1915.45,0.001526773
2016-02-05,1880.05,-0.0184813
2016-02-08,1853.44,-0.01415388
2016-02-09,1852.21,-0.0006636309
2016-02-10,1851.86,-0.00018896349999999998
2016-02-11,1829.08,-0.01230115
2016-02-12,1864.78,0.01951801
2016-02-16,1895.58,0.01651669
2016-02-17,1926.82,0.01648044
2016-02-18,1917.83,-0.004665718
2016-02-19,1917.78,-2.6071129999999997e-05
2016-02-22,1945.5,0.01445421
2016-02-23,1921.27,-0.01245438
2016-02-24,1929.8,0.004439772000000001
2016-02-25,1951.7,0.01134833
2016-02-26,1948.05,-0.001870164
2016-02-29,1932.23,-0.008120941000000001
2016-03-01,1978.35,0.02386879
2016-03-02,1986.45,0.004094321000000001
2016-03-03,1993.4,0.003498704
2016-03-04,1999.99,0.003305909
2016-03-07,2001.76,0.0008850044
2016-03-08,1979.26,-0.01124011
2016-03-09,1989.26,0.0050523930000000005
2016-03-10,1989.57,0.0001558368
2016-03-11,2022.19,0.0163955
2016-03-14,2019.64,-0.001261009
2016-03-15,2015.93,-0.001836961
2016-03-16,2027.22,0.005600393
2016-03-17,2040.59,0.006595239
2016-03-18,2049.58,0.004405588
2016-03-21,2051.6,0.0009855678
2016-03-22,2049.8,-0.0008773639999999999
2016-03-23,2036.71,-0.006385989000000001
2016-03-24,2035.94,-0.0003780607
2016-03-28,2037.05,0.0005452027
2016-03-29,2055.01,0.008816672000000001
2016-03-30,2063.95,0.004350344
2016-03-31,2059.74,-0.002039778
2016-04-01,2072.78,0.006330896000000001
2016-04-04,2066.13,-0.003208252
2016-04-05,2045.17,-0.01014457
2016-04-06,2066.66,0.01050768
2016-04-07,2041.91,-0.01197585
2016-04-08,2047.6,0.002786607
2016-04-11,2041.99,-0.002739793
2016-04-12,2061.72,0.009662143
2016-04-13,2082.42,0.01004016
2016-04-14,2082.78,0.00017287580000000002
2016-04-15,2080.73,-0.0009842614
2016-04-18,2094.34,0.006540974000000001
2016-04-19,2100.8,0.003084504
2016-04-20,2102.4,0.0007616146000000001
2016-04-21,2091.48,-0.005194064
2016-04-22,2091.58,4.781303e-05
2016-04-25,2087.79,-0.0018120270000000001
2016-04-26,2091.7,0.0018727939999999999
2016-04-27,2095.15,0.0016493760000000001
2016-04-28,2075.81,-0.009230843
2016-04-29,2065.3,-0.005063084000000001
2016-05-02,2081.43,0.0078100040000000015
2016-05-03,2063.37,-0.008676727
2016-05-04,2051.12,-0.005936889000000001
2016-05-05,2050.63,-0.00023889389999999999
2016-05-06,2057.14,0.0031746340000000004
2016-05-09,2058.69,0.0007534733
2016-05-10,2084.39,0.01248367
2016-05-11,2064.46,-0.009561551
2016-05-12,2064.11,-0.0001695359
2016-05-13,2046.61,-0.00847823
2016-05-16,2066.66,0.009796688
2016-05-17,2047.21,-0.009411321
2016-05-18,2047.63,0.0002051573
2016-05-19,2040.04,-0.003706724
2016-05-20,2052.32,0.006019490000000001
2016-05-23,2048.04,-0.002085445
2016-05-24,2076.06,0.01368137
2016-05-25,2090.54,0.00697475
2016-05-26,2090.1,-0.00021047189999999998
2016-05-27,2099.06,0.004286875999999999
2016-05-31,2096.96,-0.0010004480000000001
2016-06-01,2099.33,0.001130208
2016-06-02,2105.26,0.0028247109999999997
2016-06-03,2099.13,-0.0029117540000000003
2016-06-06,2109.41,0.004897267
2016-06-07,2112.13,0.00128946
2016-06-08,2119.12,0.003309455
2016-06-09,2115.48,-0.0017176939999999999
2016-06-10,2096.07,-0.009175222
2016-06-13,2079.06,-0.008115187000000001
2016-06-14,2075.32,-0.00179889
2016-06-15,2071.5,-0.00184068
2016-06-16,2077.99,0.003132995
2016-06-17,2071.22,-0.003257956
2016-06-20,2083.25,0.005808171
2016-06-21,2088.9,0.002712108
2016-06-22,2085.45,-0.0016515870000000002
2016-06-23,2113.32,0.01336402
2016-06-24,2037.41,-0.03591979
2016-06-27,2000.54,-0.0180965
2016-06-28,2036.09,0.0177702
2016-06-29,2070.77,0.01703265
2016-06-30,2098.86,0.013565
2016-07-01,2102.95,0.0019486770000000002
2016-07-05,2088.55,-0.006847524000000001
2016-07-06,2099.73,0.005352996
2016-07-07,2097.9,-0.0008715406000000001
2016-07-08,2129.9,0.01525335
2016-07-11,2137.16,0.0034086109999999998
2016-07-12,2152.14,0.007009301999999999
2016-07-13,2152.43,0.0001347496
2016-07-14,2163.75,0.0052591719999999995
2016-07-15,2161.74,-0.0009289428
2016-07-18,2166.89,0.00238234
2016-07-19,2163.78,-0.001435237
2016-07-20,2173.02,0.004270305
2016-07-21,2165.17,-0.0036124840000000004
2016-07-22,2175.03,0.004553915
2016-07-25,2168.48,-0.003011453
2016-07-26,2169.18,0.00032280680000000003
2016-07-27,2166.58,-0.00119861
2016-07-28,2170.06,0.001606218
2016-07-29,2173.6,0.001631291
2016-08-01,2170.84,-0.001269783
2016-08-02,2157.03,-0.0063615930000000005
2016-08-03,2163.79,0.003133939
2016-08-04,2164.25,0.00021258990000000002
2016-08-05,2182.87,0.008603442000000001
2016-08-08,2180.89,-0.0009070627
2016-08-09,2181.74,0.00038974910000000003
2016-08-10,2175.49,-0.002864686
2016-08-11,2185.79,0.004734566
2016-08-12,2184.05,-0.0007960509000000001
2016-08-15,2190.15,0.002792976
2016-08-16,2178.15,-0.005479077000000001
2016-08-17,2182.22,0.001868558
2016-08-18,2187.02,0.002199595
2016-08-19,2183.87,-0.001440316
2016-08-22,2182.64,-0.0005632204
2016-08-23,2186.9,0.001951765
2016-08-24,2175.44,-0.005240295000000001
2016-08-25,2172.47,-0.0013652410000000001
2016-08-26,2169.04,-0.0015788479999999999
2016-08-29,2180.38,0.005228119000000001
2016-08-30,2176.12,-0.0019537879999999997
2016-08-31,2170.95,-0.0023757879999999998
2016-09-01,2170.86,-4.14565e-05
2016-09-02,2179.98,0.0042011
2016-09-06,2186.48,0.002981679
2016-09-07,2186.16,-0.000146354
2016-09-08,2181.3,-0.002223076
2016-09-09,2127.81,-0.02452207
2016-09-12,2159.04,0.01467706
2016-09-13,2127.02,-0.01483067
2016-09-14,2125.77,-0.0005876767
2016-09-15,2147.26,0.01010928
2016-09-16,2139.16,-0.003772249
2016-09-19,2139.12,-1.8698929999999997e-05
2016-09-20,2139.76,0.0002991885
2016-09-21,2163.12,0.01091711
2016-09-22,2177.18,0.006499871000000001
2016-09-23,2164.69,-0.005736779
2016-09-26,2146.1,-0.008587834
2016-09-27,2159.93,0.0064442480000000005
2016-09-28,2171.37,0.005296468
2016-09-29,2151.13,-0.009321304
2016-09-30,2168.27,0.007967905
2016-10-03,2161.2,-0.0032606640000000004
2016-10-04,2150.49,-0.00495558
2016-10-05,2159.73,0.0042966950000000005
2016-10-06,2160.77,0.00048154169999999996
2016-10-07,2153.74,-0.00325347
2016-10-10,2163.66,0.0046059410000000005
2016-10-11,2136.73,-0.012446500000000001
2016-10-12,2139.18,0.001146612
2016-10-13,2132.55,-0.0030993179999999998
2016-10-14,2132.98,0.00020163650000000003
2016-10-17,2126.5,-0.003038003
2016-10-18,2139.6,0.006160358
2016-10-19,2144.29,0.002191999
2016-10-20,2141.34,-0.001375747
2016-10-21,2141.16,-8.405952e-05
2016-10-24,2151.33,0.004749762
2016-10-25,2143.16,-0.003797651
2016-10-26,2139.43,-0.001740421
2016-10-27,2133.04,-0.002986777
2016-10-28,2126.41,-0.00310824
2016-10-31,2126.15,-0.0001222718
2016-11-01,2111.72,-0.006786915
2016-11-02,2097.94,-0.006525486
2016-11-03,2088.66,-0.004423387
2016-11-04,2085.18,-0.00166614
2016-11-07,2131.52,0.0222235
2016-11-08,2139.56,0.003771956
2016-11-09,2163.26,0.01107704
2016-11-10,2167.48,0.00195076
2016-11-11,2164.45,-0.0013979370000000001
2016-11-14,2164.2,-0.00011550280000000001
2016-11-15,2180.39,0.007480824000000001
2016-11-16,2176.94,-0.001582286
2016-11-17,2187.12,0.004676289
2016-11-18,2181.9,-0.0023867
2016-11-21,2198.18,0.007461387000000002
2016-11-22,2202.94,0.002165428
2016-11-23,2204.72,0.0008080111
2016-11-25,2213.35,0.003914329
2016-11-28,2201.72,-0.005254479
2016-11-29,2204.66,0.00133532
2016-11-30,2198.81,-0.00265347
2016-12-01,2191.08,-0.003515538
2016-12-02,2191.95,0.0003970645
2016-12-05,2204.71,0.005821301
2016-12-06,2212.23,0.00341088
2016-12-07,2241.35,0.01316319
2016-12-08,2246.19,0.002159413
2016-12-09,2259.53,0.005938945
2016-12-12,2256.96,-0.001137405
2016-12-13,2271.72,0.00653977
2016-12-14,2253.28,-0.008117197000000001
2016-12-15,2262.03,0.003883228
2016-12-16,2258.07,-0.00175064
2016-12-19,2262.53,0.001975138
2016-12-20,2270.76,0.003637521
2016-12-21,2265.18,-0.002457327
2016-12-22,2260.96,-0.0018629870000000002
2016-12-23,2263.79,0.0012516810000000001
2016-12-27,2268.88,0.0022484420000000002
2016-12-28,2249.92,-0.008356546000000001
2016-12-29,2249.26,-0.0002933438
2016-12-30,2238.83,-0.0046370809999999995
2017-01-03,2257.83,0.008486575
2017-01-04,2270.75,0.005722309
2017-01-05,2269.0,-0.0007706705000000001
2017-01-06,2276.98,0.003516968
2017-01-09,2268.9,-0.00354856
2017-01-11,2275.32,0.002829565
2017-01-12,2270.44,-0.0021447529999999997
2017-01-13,2274.64,0.001849862
2017-01-17,2267.89,-0.002967502
2017-01-18,2271.89,0.001763754
2017-01-19,2263.69,-0.00360933
2017-01-20,2271.31,0.003366185
2017-01-23,2265.2,-0.002690078
2017-01-24,2280.07,0.006564542
2017-01-25,2298.37,0.008026069
2017-01-26,2296.68,-0.0007353037
2017-01-27,2294.69,-0.0008664680999999999
2017-01-30,2280.9,-0.006009527000000001
2017-01-31,2278.87,-0.0008899996
2017-02-01,2279.55,0.0002983935
2017-02-02,2280.85,0.0005702880000000001
2017-02-03,2297.42,0.007264835000000002
2017-02-06,2292.56,-0.002115416
2017-02-07,2293.08,0.0002268207
2017-02-08,2294.67,0.0006933906
2017-02-09,2307.87,0.0057524609999999995
2017-02-10,2316.1,0.0035660590000000003
2017-02-13,2328.25,0.005245888000000001
2017-02-14,2337.58,0.004007302
2017-02-15,2349.25,0.004992343000000001
2017-02-16,2347.22,-0.0008641056
2017-02-17,2351.16,0.001678581
2017-02-21,2365.38,0.006048078
2017-02-22,2362.82,-0.001082279
2017-02-23,2363.81,0.0004189909
2017-02-24,2367.34,0.001493352
2017-02-27,2369.75,0.00101802
2017-02-28,2363.64,-0.002578331
2017-03-01,2395.96,0.01367383
2017-03-02,2381.92,-0.005859864
2017-03-03,2383.12,0.0005037953
2017-03-06,2375.31,-0.003277216
2017-03-07,2368.39,-0.0029133040000000002
2017-03-08,2362.98,-0.002284252
2017-03-09,2364.87,0.0007998375
2017-03-10,2372.6,0.003268679
2017-03-13,2373.47,0.00036668629999999996
2017-03-14,2365.45,-0.003379019
2017-03-15,2385.26,0.008374728
2017-03-16,2381.38,-0.001626657
2017-03-17,2378.25,-0.001314364
2017-03-20,2373.47,-0.0020098810000000003
2017-03-21,2344.02,-0.01240799
2017-03-22,2348.45,0.0018899160000000002
2017-03-23,2345.96,-0.001060274
2017-03-24,2343.98,-0.0008440041999999999
2017-03-27,2341.59,-0.001019633
2017-03-28,2358.57,0.007251483
2017-03-29,2361.13,0.001085403
2017-03-30,2368.06,0.002935035
2017-03-31,2362.72,-0.00225501
2017-04-03,2358.84,-0.001642175
2017-04-04,2360.16,0.0005595971
2017-04-05,2352.95,-0.003054878
2017-04-06,2357.49,0.0019294929999999998
2017-04-07,2355.54,-0.0008271509
2017-04-10,2357.16,0.0006877404
2017-04-11,2353.78,-0.001433929
2017-04-12,2344.93,-0.00375991
2017-04-13,2328.95,-0.006814702000000001
2017-04-17,2349.01,0.008613324
2017-04-18,2342.19,-0.0029033509999999998
2017-04-19,2338.17,-0.001716342
2017-04-20,2355.84,0.007557192000000002
2017-04-21,2348.69,-0.003035011
2017-04-24,2374.15,0.01084009
2017-04-25,2388.61,0.006090601
2017-04-26,2387.45,-0.00048563809999999997
2017-04-27,2388.77,0.0005528912
2017-04-28,2384.2,-0.001913118
2017-05-01,2388.33,0.0017322370000000002
2017-05-02,2391.17,0.001189115
2017-05-03,2388.13,-0.001271344
2017-05-04,2389.52,0.0005820454
2017-05-05,2399.29,0.004088687000000001
2017-05-08,2399.38,3.75111e-05
2017-05-09,2396.92,-0.001025265
2017-05-10,2399.63,0.0011306180000000001
2017-05-11,2394.44,-0.002162833
2017-05-12,2390.9,-0.001478425
2017-05-15,2402.32,0.004776444
2017-05-16,2400.67,-0.0006868361000000001
2017-05-17,2357.03,-0.01817826
2017-05-18,2365.72,0.003686843
2017-05-19,2381.73,0.006767496
2017-05-22,2394.02,0.005160115000000001
2017-05-23,2398.42,0.0018379129999999998
2017-05-24,2404.39,0.002489139
2017-05-25,2415.07,0.0044418750000000005
2017-05-26,2415.82,0.00031055
2017-05-30,2412.91,-0.00120456
2017-05-31,2411.8,-0.0004600254
2017-06-01,2430.06,0.007571109
2017-06-02,2439.07,0.003707727
2017-06-05,2436.1,-0.001217677
2017-06-06,2429.33,-0.0027790320000000003
2017-06-07,2433.14,0.001568334
2017-06-08,2433.79,0.0002671445
2017-06-09,2431.77,-0.0008299812
2017-06-12,2429.39,-0.0009787109
2017-06-13,2440.35,0.004511421000000001
2017-06-14,2437.92,-0.0009957588
2017-06-15,2432.46,-0.002239614
2017-06-16,2433.15,0.0002836635
2017-06-19,2453.46,0.008347204
2017-06-20,2437.03,-0.006696665
2017-06-21,2435.61,-0.0005826764
2017-06-22,2434.5,-0.000455738
2017-06-23,2438.3,0.001560895
2017-06-26,2439.07,0.00031579380000000003
2017-06-27,2419.38,-0.008072749
2017-06-28,2440.69,0.008808042
2017-06-29,2419.7,-0.008600027
2017-06-30,2423.41,0.0015332479999999999
2017-07-03,2429.01,0.002310793
2017-07-05,2432.54,0.001453267
2017-07-06,2409.75,-0.009368808
2017-07-07,2425.18,0.006403154
2017-07-10,2427.43,0.0009277662
2017-07-11,2425.53,-0.0007827208
2017-07-12,2443.25,0.007305620000000001
2017-07-13,2447.83,0.001874552
2017-07-14,2459.27,0.004673527
2017-07-17,2459.14,-5.286121e-05
2017-07-18,2460.61,0.0005977700000000001
2017-07-19,2473.83,0.005372651
2017-07-20,2473.45,-0.00015360799999999998
2017-07-21,2472.54,-0.0003679072
2017-07-24,2469.91,-0.0010636839999999999
2017-07-25,2477.13,0.0029231829999999998
2017-07-26,2477.83,0.0002825851
2017-07-27,2475.42,-0.0009726252
2017-07-28,2472.1,-0.0013411870000000002
2017-07-31,2470.3,-0.0007281258999999999
2017-08-01,2476.35,0.002449095
2017-08-02,2477.57,0.0004926606
2017-08-03,2472.16,-0.002183591
2017-08-04,2476.83,0.001889036
2017-08-07,2480.91,0.0016472670000000002
2017-08-08,2474.92,-0.002414437
2017-08-09,2474.02,-0.0003636481
2017-08-10,2438.21,-0.01447442
2017-08-11,2441.32,0.0012755260000000001
2017-08-14,2465.84,0.01004375
2017-08-15,2464.61,-0.0004988158000000001
2017-08-16,2468.11,0.0014201029999999998
2017-08-17,2430.01,-0.01543691
2017-08-18,2425.55,-0.001835383
2017-08-21,2428.37,0.001162623
2017-08-22,2452.51,0.009940824
2017-08-23,2444.04,-0.003453605
2017-08-24,2438.97,-0.002074434
2017-08-25,2443.05,0.0016728370000000002
2017-08-28,2444.24,0.0004870961
2017-08-29,2446.3,0.0008427977000000001
2017-08-30,2457.59,0.0046151329999999996
2017-08-31,2471.65,0.005721052000000001
2017-09-01,2476.55,0.001982481
2017-09-05,2457.85,-0.0075508269999999995
2017-09-06,2465.54,0.003128751
2017-09-07,2465.1,-0.00017845990000000002
2017-09-08,2461.43,-0.0014887829999999998
2017-09-11,2488.11,0.01083923
2017-09-12,2496.48,0.0033639990000000003
2017-09-13,2498.37,0.000757066
2017-09-14,2495.62,-0.001100718
2017-09-15,2500.23,0.0018472360000000001
2017-09-18,2503.87,0.001455866
2017-09-19,2506.65,0.001110281
2017-09-20,2508.24,0.0006343127000000001
2017-09-21,2500.6,-0.003045961
2017-09-22,2502.22,0.0006478445
2017-09-25,2496.66,-0.002222027
2017-09-26,2496.84,7.209631999999999e-05
2017-09-27,2507.04,0.0040851640000000005
2017-09-28,2510.06,0.001204608
2017-09-29,2519.36,0.0037050909999999998
2017-10-02,2529.12,0.0038740000000000003
2017-10-03,2534.58,0.002158854
2017-10-04,2537.74,0.001246755
2017-10-05,2552.07,0.005646756
2017-10-06,2549.33,-0.001073638
2017-10-09,2544.73,-0.001804396
2017-10-10,2550.64,0.002322447
2017-10-11,2555.24,0.001803469
2017-10-12,2550.93,-0.00168673
2017-10-13,2553.17,0.0008781111
2017-10-16,2557.64,0.001750765
2017-10-17,2559.36,0.0006724949
2017-10-18,2561.26,0.0007423731
2017-10-19,2562.1,0.0003279636
2017-10-20,2575.21,0.005116896
2017-10-23,2564.98,-0.003972492
2017-10-24,2569.13,0.001617946
2017-10-25,2557.15,-0.004663057
2017-10-26,2560.4,0.001270946
2017-10-27,2581.07,0.008072957
2017-10-30,2572.83,-0.0031924740000000003
2017-10-31,2575.26,0.0009444852
2017-11-01,2579.36,0.0015920720000000001
2017-11-02,2579.85,0.0001899696
2017-11-03,2587.84,0.0030970790000000004
2017-11-06,2591.13,0.0012713310000000001
2017-11-07,2590.64,-0.00018910669999999997
2017-11-08,2594.38,0.001443659
2017-11-09,2584.62,-0.003761978
2017-11-10,2582.3,-0.0008976174000000001
2017-11-13,2584.84,0.0009836191999999999
2017-11-14,2578.87,-0.002309621
2017-11-15,2564.62,-0.005525676
2017-11-16,2585.64,0.008196146000000001
2017-11-17,2578.85,-0.0026260420000000003
2017-11-20,2582.14,0.001275762
2017-11-21,2599.03,0.006541086000000001
2017-11-22,2597.08,-0.0007502799
2017-11-24,2602.42,0.002056155
2017-11-27,2601.42,-0.00038425769999999996
2017-11-28,2627.04,0.009848467
2017-11-29,2626.07,-0.00036923690000000004
2017-11-30,2647.58,0.008190946999999999
2017-12-01,2642.22,-0.00202449
2017-12-04,2639.44,-0.001052145
2017-12-05,2629.57,-0.00373943
2017-12-06,2629.27,-0.00011408709999999999
2017-12-07,2636.98,0.002932373
2017-12-08,2651.5,0.005506299
2017-12-11,2659.99,0.0032019609999999997
2017-12-12,2664.11,0.0015488779999999998
2017-12-13,2662.85,-0.0004729535
2017-12-14,2652.01,-0.004070826
2017-12-15,2675.81,0.008974325
2017-12-18,2690.16,0.0053628619999999995
2017-12-19,2681.47,-0.0032302909999999997
2017-12-20,2679.25,-0.0008279041
2017-12-21,2684.57,0.00198563
2017-12-22,2683.34,-0.0004581739
2017-12-26,2680.5,-0.001058382
2017-12-27,2682.62,0.0007908972
2017-12-28,2687.54,0.001834028
2017-12-29,2673.61,-0.005183178
2018-01-02,2695.81,0.00830338
2018-01-03,2713.06,0.006398819
2018-01-04,2723.99,0.004028660999999999
2018-01-05,2743.15,0.007033800000000001
2018-01-08,2747.71,0.0016623229999999998
2018-01-09,2751.29,0.001302903
2018-01-10,2748.23,-0.0011122060000000001
2018-01-11,2767.56,0.007033618
2018-01-12,2786.24,0.006749628000000001
2018-01-16,2776.42,-0.003524463
2018-01-17,2802.56,0.009415001999999999
2018-01-18,2798.03,-0.001616379
2018-01-19,2810.3,0.0043852280000000006
2018-01-22,2832.97,0.008066755
2018-01-23,2839.13,0.0021743970000000002
2018-01-24,2837.54,-0.0005600307
2018-01-25,2839.25,0.0006026347
2018-01-26,2872.87,0.01184116
2018-01-29,2853.53,-0.006731944
2018-01-30,2822.43,-0.01089878
2018-01-31,2823.81,0.0004889404
2018-02-01,2821.98,-0.0006480606
2018-02-02,2762.13,-0.02120851
2018-02-05,2648.94,-0.04097924
2018-02-06,2695.14,0.01744094
2018-02-07,2681.66,-0.005001595
2018-02-08,2581.0,-0.03753645
2018-02-09,2619.55,0.01493607
2018-02-12,2656.0,0.013914600000000001
2018-02-13,2662.94,0.002612952
2018-02-14,2698.63,0.01340248
2018-02-15,2731.2,0.01206909
2018-02-16,2732.22,0.00037346220000000004
2018-02-20,2716.26,-0.0058414040000000006
2018-02-21,2701.33,-0.0054965280000000005
2018-02-22,2703.96,0.0009735945
2018-02-23,2747.3,0.01602834
2018-02-26,2779.6,0.011757
2018-02-27,2744.28,-0.01270686
2018-02-28,2713.83,-0.01109581
2018-03-01,2677.67,-0.01332434
2018-03-02,2691.25,0.005071573
2018-03-05,2720.94,0.01103205
2018-03-06,2728.12,0.0026387940000000003
2018-03-07,2726.8,-0.00048384970000000003
2018-03-08,2738.97,0.004463107
2018-03-09,2786.57,0.0173788
2018-03-12,2783.02,-0.001273968
2018-03-13,2765.31,-0.006363591
2018-03-14,2749.48,-0.005724494
2018-03-15,2747.33,-0.000781966
2018-03-16,2752.01,0.0017034720000000001
2018-03-19,2712.92,-0.01420416
2018-03-20,2716.94,0.0014817979999999999
2018-03-21,2711.93,-0.0018439860000000001
2018-03-22,2643.69,-0.02516289
2018-03-23,2588.26,-0.02096691
2018-03-26,2658.55,0.02715724
2018-03-27,2612.62,-0.01727634
2018-03-28,2605.0,-0.0029166120000000003
2018-03-29,2640.87,0.01376967
2018-04-02,2581.88,-0.02233734
2018-04-03,2614.45,0.01261484
2018-04-04,2644.69,0.01156649
2018-04-05,2662.84,0.006862808000000001
2018-04-06,2604.47,-0.02192021
2018-04-09,2613.16,0.003336571
2018-04-10,2656.87,0.01672687
2018-04-11,2642.19,-0.0055252980000000005
2018-04-12,2663.99,0.008250730999999999
2018-04-13,2656.3,-0.002886647
2018-04-16,2677.84,0.008109024000000001
2018-04-17,2706.39,0.01066158
2018-04-18,2708.64,0.0008313658
2018-04-19,2693.13,-0.005726121000000001
2018-04-20,2670.14,-0.008536535000000001
2018-04-23,2670.29,5.617683000000001e-05
2018-04-24,2634.56,-0.01338057
2018-04-25,2639.4,0.001837119
2018-04-26,2666.94,0.01043419
2018-04-27,2669.91,0.001113636
2018-04-30,2648.05,-0.008187541999999999
2018-05-01,2654.8,0.002549045
2018-05-02,2635.67,-0.0072058159999999994
2018-05-03,2629.73,-0.002253696
2018-05-04,2663.42,0.0128112
2018-05-07,2672.63,0.00345796
2018-05-08,2671.92,-0.0002656559
2018-05-09,2697.79,0.009682175999999999
2018-05-10,2723.07,0.009370633
2018-05-11,2727.72,0.0017076320000000002
2018-05-14,2730.13,0.0008835217
2018-05-15,2711.45,-0.006842165000000001
2018-05-16,2722.46,0.004060558000000001
2018-05-17,2720.13,-0.0008558436
2018-05-18,2712.97,-0.002632227
2018-05-21,2733.01,0.007386738
2018-05-22,2724.44,-0.003135737
2018-05-23,2733.29,0.003248374
2018-05-24,2727.76,-0.002023203
2018-05-25,2721.33,-0.002357245
2018-05-29,2689.86,-0.0115642
2018-05-30,2724.01,0.01269583
2018-05-31,2705.27,-0.006879563000000001
2018-06-01,2734.62,0.01084919
2018-06-04,2746.87,0.004479599
2018-06-05,2748.8,0.0007026179
2018-06-06,2772.35,0.008567375
2018-06-07,2770.37,-0.0007141955
2018-06-08,2779.03,0.0031259359999999997
2018-06-11,2782.0,0.001068718
2018-06-12,2786.85,0.00174335
2018-06-13,2775.63,-0.004026051
2018-06-14,2782.49,0.002471511
2018-06-15,2779.66,-0.001017075
2018-06-18,2773.75,-0.002126159
2018-06-19,2762.59,-0.004023434
2018-06-20,2767.32,0.001712161
2018-06-21,2749.76,-0.0063454900000000005
2018-06-22,2754.88,0.001861981
2018-06-25,2717.07,-0.01372474
2018-06-26,2723.06,0.002204581
2018-06-27,2699.63,-0.008604291
2018-06-28,2716.31,0.006178624000000001
2018-06-29,2718.37,0.0007583818
2018-07-02,2726.71,0.003068015
2018-07-03,2713.22,-0.004947354
2018-07-05,2736.61,0.008620753
2018-07-06,2759.82,0.008481296000000001
2018-07-09,2784.17,0.008823039000000001
2018-07-10,2793.84,0.0034732070000000003
2018-07-11,2774.02,-0.007094179000000002
2018-07-12,2798.29,0.008749036
2018-07-13,2801.31,0.0010792310000000002
2018-07-16,2798.43,-0.00102809
2018-07-17,2809.55,0.003973657
2018-07-18,2815.62,0.002160488
2018-07-19,2804.49,-0.0039529479999999995
2018-07-20,2801.83,-0.0009484789999999999
2018-07-23,2806.98,0.001838084
2018-07-24,2820.4,0.0047809390000000005
2018-07-25,2846.07,0.009101545
2018-07-26,2837.44,-0.0030322509999999997
2018-07-27,2818.82,-0.0065622530000000005
2018-07-30,2802.6,-0.005754181000000001
2018-07-31,2816.29,0.00488475
2018-08-01,2813.36,-0.001040376
2018-08-02,2827.22,0.0049264930000000005
2018-08-03,2840.35,0.004644138
2018-08-06,2850.4,0.003538296
2018-08-07,2858.45,0.002824165
2018-08-08,2857.7,-0.00026238
2018-08-09,2853.58,-0.001441719
2018-08-10,2833.28,-0.007113871000000002
2018-08-13,2821.93,-0.004005958
2018-08-14,2839.96,0.0063892440000000005
2018-08-15,2818.37,-0.0076022200000000015
2018-08-16,2840.69,0.007919470999999999
2018-08-17,2850.13,0.003323136
2018-08-20,2857.05,0.002427959
2018-08-21,2862.96,0.0020685670000000003
2018-08-22,2861.82,-0.0003981893
2018-08-23,2856.98,-0.0016912320000000002
2018-08-24,2874.69,0.006198853000000001
2018-08-27,2896.74,0.007670392000000002
2018-08-28,2897.52,0.0002692682
2018-08-29,2914.04,0.005701426999999999
2018-08-30,2901.13,-0.004430275
2018-08-31,2901.52,0.0001344304
2018-09-04,2896.72,-0.001654305
2018-09-05,2888.6,-0.0028031709999999997
2018-09-06,2878.05,-0.003652288
2018-09-07,2871.68,-0.002213304
2018-09-10,2877.13,0.0018978439999999999
2018-09-11,2887.89,0.0037398379999999997
2018-09-12,2888.92,0.0003566618
2018-09-13,2904.18,0.005282251
2018-09-14,2904.98,0.000275465
2018-09-17,2888.8,-0.0055697459999999996
2018-09-18,2904.31,0.005369011
2018-09-19,2907.95,0.00125331
2018-09-20,2930.75,0.007840575
2018-09-21,2929.67,-0.00036850639999999997
2018-09-24,2919.37,-0.0035157540000000003
2018-09-25,2915.56,-0.001305076
2018-09-26,2905.97,-0.003289248
2018-09-27,2914.0,0.002763277
2018-09-28,2913.98,-6.863417999999999e-06
2018-10-01,2924.59,0.003641068
2018-10-02,2923.43,-0.0003966368
2018-10-03,2925.51,0.000711493
2018-10-04,2901.61,-0.008169516
2018-10-05,2885.57,-0.005527966
2018-10-08,2884.43,-0.00039506919999999997
2018-10-09,2880.34,-0.001417958
2018-10-10,2785.68,-0.03286418
2018-10-11,2728.37,-0.02057307
2018-10-12,2767.13,0.01420628
2018-10-15,2750.79,-0.005905035
2018-10-16,2809.92,0.02149564
2018-10-17,2809.21,-0.0002526762
2018-10-18,2768.78,-0.01439195
2018-10-19,2767.78,-0.0003611699
2018-10-22,2755.88,-0.0042994750000000005
2018-10-23,2740.69,-0.005511851000000001
2018-10-24,2656.1,-0.03086449
2018-10-25,2705.57,0.01862505
2018-10-26,2658.69,-0.01732722
2018-10-29,2641.25,-0.006559621999999999
2018-10-30,2682.63,0.01566682
2018-10-31,2711.74,0.01085129
2018-11-01,2740.37,0.010557799999999999
2018-11-02,2723.06,-0.006316665000000001
2018-11-05,2738.31,0.005600317
2018-11-06,2755.45,0.006259335
2018-11-07,2813.89,0.02120888
2018-11-08,2806.83,-0.0025089820000000003
2018-11-09,2781.01,-0.00919899
2018-11-12,2726.22,-0.01970148
2018-11-13,2722.18,-0.001481905
2018-11-14,2701.58,-0.007567464
2018-11-15,2730.2,0.010593799999999999
2018-11-16,2736.27,0.00222328
2018-11-19,2690.73,-0.01664309
2018-11-20,2641.89,-0.01815121
2018-11-21,2649.93,0.0030432759999999997
2018-11-23,2632.56,-0.006554890000000001
2018-11-26,2673.45,0.01553241
2018-11-27,2682.17,0.003261703
2018-11-28,2743.79,0.02297394
2018-11-29,2737.76,-0.00219769
2018-11-30,2760.17,0.008185524000000001
2018-12-03,2790.37,0.01094136
2018-12-04,2700.06,-0.03236488
2018-12-06,2695.95,-0.0015221879999999998
2018-12-07,2633.08,-0.02332016
2018-12-10,2637.72,0.001762195
2018-12-11,2636.78,-0.00035636839999999995
2018-12-12,2651.07,0.005419489
2018-12-13,2650.54,-0.0001999193
2018-12-14,2599.95,-0.01908668
2018-12-17,2545.94,-0.02077348
2018-12-18,2546.16,8.641208999999999e-05
2018-12-19,2506.96,-0.01539573
2018-12-20,2467.42,-0.01577209
2018-12-21,2416.62,-0.02058831
2018-12-24,2351.1,-0.02711225
2018-12-26,2467.7,0.04959381
2018-12-27,2488.83,0.008562629
2018-12-28,2485.74,-0.001241547
2018-12-31,2506.85,0.008492441
2019-01-02,2510.03,0.001268524
2019-01-03,2447.89,-0.02475668
2019-01-04,2531.94,0.03433569
2019-01-07,2549.69,0.007010435000000001
2019-01-08,2574.41,0.009695295999999999
2019-01-09,2584.96,0.004098027000000001
2019-01-10,2596.64,0.004518445
2019-01-11,2596.26,-0.000146343
2019-01-14,2582.61,-0.005257563000000001
2019-01-15,2610.3,0.01072171
2019-01-16,2616.1,0.002221967
2019-01-17,2635.96,0.0075914530000000015
2019-01-18,2670.71,0.01318305
2019-01-22,2632.9,-0.01415728
2019-01-23,2638.7,0.002202894
2019-01-24,2642.33,0.001375677
2019-01-25,2664.76,0.00848872
2019-01-28,2643.85,-0.00784686
2019-01-29,2640.0,-0.00145621
2019-01-30,2681.05,0.01554924
2019-01-31,2704.1,0.008597378000000001
2019-02-01,2706.53,0.0008986354000000002
2019-02-04,2724.87,0.006776204
2019-02-05,2737.7,0.004708481
2019-02-06,2731.61,-0.002224495
2019-02-07,2706.05,-0.009357119
2019-02-08,2707.88,0.0006762624000000001
2019-02-11,2709.8,0.0007090417999999999
2019-02-12,2744.73,0.01289025
2019-02-13,2753.03,0.003023977
2019-02-14,2745.73,-0.0026516240000000004
2019-02-15,2775.6,0.01087871
2019-02-19,2779.76,0.001498775
2019-02-20,2784.7,0.001777132
2019-02-21,2774.88,-0.003526412
2019-02-22,2792.67,0.0064110880000000006
2019-02-25,2796.11,0.001231796
2019-02-26,2793.9,-0.0007903838
2019-02-27,2792.38,-0.0005440423999999999
2019-02-28,2784.49,-0.0028255470000000003
2019-03-01,2803.69,0.006895338000000001
2019-03-04,2792.81,-0.0038805999999999997
2019-03-05,2789.65,-0.0011314769999999999
2019-03-06,2771.45,-0.006524116000000001
2019-03-07,2748.93,-0.008125710000000001
2019-03-08,2743.07,-0.0021317379999999998
2019-03-11,2783.3,0.01466605
2019-03-12,2791.52,0.002953329
2019-03-13,2810.92,0.006949619000000001
2019-03-14,2808.48,-0.0008680432
2019-03-15,2822.48,0.004984903000000001
2019-03-18,2832.94,0.003705961
2019-03-19,2832.57,-0.0001306064
2019-03-20,2824.23,-0.002944323
2019-03-21,2854.88,0.01085252
2019-03-22,2800.71,-0.01897453
2019-03-25,2798.36,-0.0008390730000000001
2019-03-26,2818.46,0.007182778000000002
2019-03-27,2805.37,-0.00464438
2019-03-28,2815.44,0.003589544
2019-03-29,2834.4,0.006734294
2019-04-01,2867.19,0.01156859
2019-04-02,2867.24,1.7438679999999998e-05
2019-04-03,2873.4,0.002148408
2019-04-04,2879.39,0.0020846379999999998
2019-04-05,2892.74,0.004636399
2019-04-08,2895.77,0.00104745
2019-04-09,2878.2,-0.006067471
2019-04-10,2888.21,0.003477868
2019-04-11,2888.32,3.808587e-05
2019-04-12,2907.41,0.006609378000000001
2019-04-15,2905.58,-0.0006294262000000001
2019-04-16,2907.06,0.0005093648
2019-04-17,2900.45,-0.002273775
2019-04-18,2905.03,0.001579065
2019-04-22,2907.97,0.001012038
2019-04-23,2933.68,0.008841219
2019-04-24,2927.25,-0.0021917860000000003
2019-04-25,2926.17,-0.00036894699999999995
2019-04-26,2939.88,0.004685306
2019-04-29,2943.03,0.001071472
2019-04-30,2945.83,0.0009514004
2019-05-01,2923.73,-0.00750213
2019-05-02,2917.52,-0.002123999
2019-05-03,2945.64,0.009638323
2019-05-06,2932.47,-0.004471015
2019-05-07,2884.05,-0.01651168
2019-05-08,2879.42,-0.0016053810000000001
2019-05-09,2870.72,-0.003021442
2019-05-10,2881.4,0.003720321
2019-05-13,2811.87,-0.02413063
2019-05-14,2834.41,0.008016018
2019-05-15,2850.96,0.005838958000000001
2019-05-16,2876.32,0.008895249000000001
2019-05-17,2859.53,-0.00583732
2019-05-20,2840.23,-0.006749361000000001
2019-05-21,2864.36,0.008495790999999999
2019-05-22,2856.27,-0.0028243659999999996
2019-05-23,2822.24,-0.01191414
2019-05-24,2826.06,0.001353535
2019-05-28,2802.39,-0.008375619
2019-05-29,2783.02,-0.006911957000000001
2019-05-30,2788.86,0.00209844
2019-05-31,2752.06,-0.01319536
2019-06-03,2744.45,-0.0027652009999999997
2019-06-04,2803.27,0.02143235
2019-06-05,2826.15,0.008161897000000001
2019-06-06,2843.49,0.006135555
2019-06-07,2873.34,0.01049766
2019-06-10,2886.73,0.004660082
2019-06-11,2885.72,-0.0003498768
2019-06-12,2879.84,-0.00203762
2019-06-13,2891.64,0.00409745
2019-06-14,2886.98,-0.001611542
2019-06-17,2889.67,0.0009317696
2019-06-18,2917.75,0.009717372
2019-06-19,2926.46,0.0029851770000000003
2019-06-20,2954.18,0.009472195
2019-06-21,2950.46,-0.001259233
2019-06-24,2945.35,-0.001731933
2019-06-25,2917.38,-0.009496325
2019-06-26,2913.78,-0.001233984
2019-06-27,2924.92,0.0038232120000000003
2019-06-28,2941.76,0.005757423
2019-07-01,2964.33,0.007672278
2019-07-02,2973.01,0.002928149
2019-07-03,2995.82,0.007672359
2019-07-05,2990.41,-0.001805849
2019-07-08,2975.95,-0.004835458
2019-07-09,2979.63,0.00123658
2019-07-10,2993.07,0.0045106270000000006
2019-07-11,2999.91,0.002285279
2019-07-12,3013.77,0.0046201390000000005
2019-07-15,3014.3,0.0001758595
2019-07-16,3004.04,-0.003403775
2019-07-17,2984.42,-0.006531205
2019-07-18,2995.11,0.003581936
2019-07-19,2976.61,-0.006176735
2019-07-22,2985.03,0.0028287209999999998
2019-07-23,3005.47,0.006847501999999999
2019-07-24,3019.56,0.004688119
2019-07-25,3003.67,-0.005262356
2019-07-26,3025.86,0.0073876290000000015
2019-07-29,3020.97,-0.001616069
2019-07-30,3013.18,-0.002578642
2019-07-31,2980.38,-0.01088551
2019-08-01,2953.56,-0.008998852
2019-08-02,2932.05,-0.007282736999999999
2019-08-05,2844.74,-0.029777800000000004
2019-08-06,2881.77,0.01301701
2019-08-07,2883.98,0.0007668897999999999
2019-08-08,2938.09,0.01876227
2019-08-09,2918.65,-0.006616544
2019-08-12,2883.09,-0.01218371
2019-08-13,2926.32,0.01499433
2019-08-14,2840.6,-0.02929276
2019-08-15,2847.6,0.002464268
2019-08-16,2888.68,0.01442618
2019-08-19,2923.65,0.01210588
2019-08-20,2900.51,-0.007914764000000001
2019-08-21,2924.43,0.008246826
2019-08-22,2922.95,-0.0005060815
2019-08-23,2847.11,-0.02594639
2019-08-26,2878.38,0.01098307
2019-08-27,2869.16,-0.0032031909999999998
2019-08-28,2887.94,0.00654547
2019-08-29,2924.58,0.01268724
2019-08-30,2926.46,0.0006428274
2019-09-03,2906.27,-0.006899120000000001
2019-09-04,2937.78,0.01084208
2019-09-05,2976.0,0.01300982
2019-09-06,2978.71,0.0009106183
2019-09-09,2978.43,-9.400042e-05
2019-09-10,2979.39,0.0003223175
2019-09-11,3000.93,0.007229668000000002
2019-09-12,3009.57,0.002879107
2019-09-13,3007.39,-0.0007243560000000001
2019-09-16,2997.96,-0.003135609
2019-09-17,3005.7,0.002581756
2019-09-18,3006.73,0.00034268220000000004
2019-09-19,3006.79,1.995523e-05
2019-09-20,2992.07,-0.004895587000000001
2019-09-23,2991.78,-9.692286e-05
2019-09-24,2966.6,-0.008416395
2019-09-25,2984.87,0.006158565
2019-09-26,2977.62,-0.002428917
2019-09-27,2961.79,-0.0053163260000000006
2019-09-30,2976.74,0.005047623
2019-10-01,2940.25,-0.01225838
2019-10-02,2887.61,-0.01790324
2019-10-03,2910.63,0.007971991000000001
2019-10-04,2952.01,0.01421685
2019-10-07,2938.79,-0.004478305
2019-10-08,2893.06,-0.01556083
2019-10-09,2919.4,0.009104547
2019-10-10,2938.13,0.0064157020000000006
2019-10-11,2970.27,0.01093893
2019-10-14,2966.15,-0.001387079
2019-10-15,2995.68,0.009955666
2019-10-16,2989.69,-0.001999546
2019-10-17,2997.95,0.0027628279999999997
2019-10-18,2986.2,-0.003919345
2019-10-21,3006.72,0.006871609000000001
2019-10-22,2995.99,-0.003568673
2019-10-23,3004.52,0.0028471390000000003
2019-10-24,3010.29,0.00192044
2019-10-25,3022.55,0.004072697
2019-10-28,3039.42,0.00558138
2019-10-29,3036.89,-0.0008323956000000001
2019-10-30,3046.77,0.0032533279999999998
2019-10-31,3037.56,-0.0030228729999999997
2019-11-01,3066.91,0.009662361
2019-11-04,3078.27,0.003704054
2019-11-05,3074.62,-0.001185731
2019-11-06,3076.78,0.0007025258
2019-11-07,3085.18,0.002730127
2019-11-08,3093.08,0.002560629
2019-11-11,3087.01,-0.001962445
2019-11-12,3091.84,0.001564621
2019-11-13,3094.04,0.0007115504000000001
2019-11-14,3096.63,0.0008370933
2019-11-15,3120.46,0.0076954630000000005
2019-11-18,3122.03,0.000503131
2019-11-19,3120.18,-0.0005925632
2019-11-20,3108.46,-0.0037561929999999997
2019-11-21,3103.54,-0.001582777
2019-11-22,3110.29,0.002174936
2019-11-25,3133.64,0.007507339000000002
2019-11-26,3140.52,0.00219553
2019-11-27,3153.63,0.004174468000000001
2019-11-29,3140.98,-0.0040112509999999995
2019-12-02,3113.87,-0.008631065
2019-12-03,3093.2,-0.006638041999999999
2019-12-04,3112.76,0.006323548000000001
2019-12-05,3117.43,0.001500276
2019-12-06,3145.91,0.009135731
2019-12-09,3135.96,-0.003162837
2019-12-10,3132.52,-0.0010969530000000001
2019-12-11,3141.63,0.002908202
2019-12-12,3168.57,0.008575167
2019-12-13,3168.8,7.258795e-05
2019-12-16,3191.45,0.0071478159999999995
2019-12-17,3192.52,0.00033527080000000004
2019-12-18,3191.14,-0.0004322604
2019-12-19,3205.37,0.004459221
2019-12-20,3221.22,0.004944827000000001
2019-12-23,3224.01,0.0008661314
2019-12-24,3223.38,-0.0001954088
2019-12-26,3239.91,0.005128157
2019-12-27,3240.02,3.395156e-05
2019-12-30,3221.29,-0.005780829
2019-12-31,3230.78,0.002946025
2020-01-02,3257.85,0.008378781
2020-01-03,3234.85,-0.007059871000000001
2020-01-06,3246.28,0.003533394
2020-01-07,3237.18,-0.002803209
2020-01-08,3253.05,0.004902415
2020-01-09,3274.7,0.0066552930000000005
2020-01-10,3265.35,-0.002855223
2020-01-13,3288.13,0.006976281000000001
2020-01-14,3283.15,-0.0015145389999999999
2020-01-15,3289.29,0.001870155
2020-01-16,3316.81,0.008366548
2020-01-17,3329.62,0.003862145
2020-01-21,3320.79,-0.002651954
2020-01-22,3321.75,0.0002890878
2020-01-23,3325.54,0.001140965
2020-01-24,3295.47,-0.00904214
2020-01-27,3243.63,-0.01573068
2020-01-28,3276.24,0.01005355
2020-01-29,3273.4,-0.0008668473
2020-01-30,3283.66,0.0031343559999999996
2020-01-31,3225.52,-0.01770585
2020-02-03,3248.92,0.007254644
2020-02-04,3297.59,0.01498036
2020-02-05,3334.69,0.01125064
2020-02-06,3345.78,0.003325647
2020-02-07,3327.71,-0.005400833000000001
2020-02-10,3352.09,0.007326359
2020-02-11,3357.75,0.001688499
2020-02-12,3379.45,0.006462661000000001
2020-02-13,3373.94,-0.0016304429999999999
2020-02-14,3380.16,0.001843542
2020-02-18,3370.29,-0.00291998
2020-02-19,3386.15,0.004705826000000001
2020-02-20,3373.23,-0.003815543
2020-02-21,3337.75,-0.01051811
2020-02-24,3225.89,-0.03351359
2020-02-25,3128.21,-0.03028002
2020-02-26,3116.39,-0.003778519
2020-02-27,2978.76,-0.04416328
2020-02-28,2954.22,-0.008238328000000001
2020-03-02,3090.23,0.04603922
2020-03-03,3003.37,-0.02810794
2020-03-04,3130.12,0.04220259
2020-03-05,3023.94,-0.03392202
2020-03-06,2972.37,-0.01705391
2020-03-09,2746.56,-0.07596968
2020-03-10,2882.23,0.04939634
2020-03-11,2741.38,-0.04886841
2020-03-12,2480.64,-0.09511268
2020-03-13,2711.02,0.0928712
2020-03-16,2386.13,-0.1198405
2020-03-17,2529.19,0.05995482
2020-03-18,2398.1,-0.05183082
2020-03-19,2409.39,0.004707894000000001
2020-03-20,2304.92,-0.04335952
2020-03-23,2237.4,-0.02929386
2020-03-24,2447.33,0.09382766
2020-03-25,2475.56,0.01153502
2020-03-26,2630.07,0.06241416
2020-03-27,2541.47,-0.03368732
2020-03-30,2626.65,0.03351603
2020-03-31,2584.59,-0.01601279
2020-04-01,2470.5,-0.044142400000000005
2020-04-02,2526.9,0.02282939
2020-04-03,2488.65,-0.01513712
2020-04-06,2663.68,0.07033131000000001
2020-04-07,2659.41,-0.001603045
2020-04-08,2749.98,0.03405643
2020-04-09,2789.82,0.01448738
2020-04-13,2761.63,-0.01010459
2020-04-14,2846.06,0.03057252
2020-04-15,2783.36,-0.02203046
2020-04-16,2799.55,0.005816711
2020-04-17,2874.56,0.02679359
2020-04-20,2823.16,-0.017881
2020-04-21,2736.56,-0.03067485
2020-04-22,2799.31,0.02293025
2020-04-23,2797.8,-0.0005394187
2020-04-24,2836.74,0.01391808
2020-04-27,2878.48,0.01471407
2020-04-28,2863.39,-0.005242350000000001
2020-04-29,2939.51,0.02658387
2020-04-30,2912.43,-0.009212419
2020-05-01,2830.71,-0.02805904
2020-05-04,2842.74,0.004249817
2020-05-05,2868.44,0.009040574
2020-05-06,2848.42,-0.006979404000000001
2020-05-07,2881.19,0.01150462
2020-05-08,2929.8,0.0168715
2020-05-11,2930.32,0.0001774865
2020-05-12,2870.12,-0.02054383
2020-05-13,2820.0,-0.01746268
2020-05-14,2852.5,0.01152482
2020-05-15,2863.7,0.003926381
2020-05-18,2953.91,0.0315012
2020-05-19,2922.94,-0.01048441
2020-05-20,2971.61,0.01665104
2020-05-21,2948.51,-0.007773564
2020-05-22,2955.45,0.002353731
2020-05-26,2991.77,0.01228916
2020-05-27,3036.13,0.01482734
2020-05-28,3029.73,-0.002107947
2020-05-29,3044.31,0.00481231
2020-06-01,3055.73,0.00375126
2020-06-02,3080.82,0.008210804
2020-06-03,3122.87,0.01364896
2020-06-04,3112.35,-0.0033686959999999996
2020-06-05,3193.93,0.02621171
2020-06-08,3232.39,0.01204159
2020-06-09,3207.18,-0.007799183
2020-06-10,3190.14,-0.005313079
2020-06-11,3002.1,-0.05894412
2020-06-12,3041.31,0.01306086
2020-06-15,3066.59,0.008312208
2020-06-16,3124.74,0.01896243
2020-06-17,3113.49,-0.0036003
2020-06-18,3115.34,0.0005941885
2020-06-19,3097.74,-0.005649464000000001
2020-06-22,3117.86,0.006495058000000001
2020-06-23,3131.29,0.0043074409999999995
2020-06-24,3050.33,-0.02585516
2020-06-25,3083.76,0.01095947
2020-06-26,3009.05,-0.02422692
2020-06-29,3053.24,0.0146857
2020-06-30,3100.29,0.01540986
2020-07-01,3115.86,0.005022111
2020-07-02,3130.01,0.004541283
2020-07-06,3179.72,0.01588174
2020-07-07,3145.32,-0.01081856
2020-07-08,3169.94,0.007827503000000001
2020-07-09,3152.05,-0.00564364
2020-07-10,3185.04,0.0104662
2020-07-13,3155.22,-0.00936252
2020-07-14,3197.52,0.01340635
2020-07-15,3226.56,0.009082039
2020-07-16,3215.57,-0.003406104
2020-07-17,3224.73,0.00284864
2020-07-20,3251.84,0.008406905000000001
2020-07-21,3257.3,0.001679049
2020-07-22,3276.02,0.005747091
2020-07-23,3235.66,-0.01231983
2020-07-24,3215.63,-0.006190391000000001
2020-07-27,3239.41,0.007395129
2020-07-28,3218.44,-0.006473401
2020-07-29,3258.44,0.01242838
2020-07-30,3246.22,-0.003750261
2020-07-31,3271.12,0.00767046
2020-08-03,3294.61,0.0071810269999999995
2020-08-04,3306.51,0.00361196
2020-08-05,3327.77,0.006429740000000001
2020-08-06,3349.16,0.006427728000000001
2020-08-07,3351.28,0.0006329945000000001
2020-08-10,3360.47,0.002742236
2020-08-11,3333.69,-0.007969123
2020-08-12,3380.35,0.0139965
2020-08-13,3373.43,-0.002047125
2020-08-14,3372.85,-0.0001719318
2020-08-17,3381.99,0.002709874
2020-08-18,3389.78,0.002303377
2020-08-19,3374.85,-0.0044044159999999995
2020-08-20,3385.51,0.0031586590000000003
2020-08-21,3397.16,0.0034411359999999996
2020-08-24,3431.28,0.01004368
2020-08-25,3443.62,0.003596326
2020-08-26,3478.73,0.01019567
2020-08-27,3484.55,0.001673024
2020-08-28,3508.01,0.006732576999999999
2020-08-31,3500.31,-0.0021949770000000003
2020-09-01,3526.65,0.007525048
2020-09-02,3580.84,0.01536586
2020-09-03,3455.06,-0.03512584
2020-09-04,3426.96,-0.008132999
2020-09-08,3331.84,-0.02775638
2020-09-09,3398.96,0.02014503
2020-09-10,3339.19,-0.01758479
2020-09-11,3340.97,0.0005330634
2020-09-14,3383.54,0.01274181
2020-09-15,3401.2,0.005219385
2020-09-16,3385.49,-0.004618958
2020-09-17,3357.01,-0.008412371
2020-09-18,3319.47,-0.01118257
2020-09-21,3281.06,-0.01157112
2020-09-22,3315.57,0.01051794
2020-09-23,3236.92,-0.02372141
2020-09-24,3246.59,0.002987408
2020-09-25,3298.46,0.01597676
2020-09-28,3351.6,0.01611055
2020-09-29,3335.47,-0.004812627
2020-09-30,3363.0,0.008253709
2020-10-01,3380.8,0.005292893000000001
2020-10-02,3348.44,-0.009571699
2020-10-05,3408.63,0.01797554
2020-10-06,3360.95,-0.01398802
2020-10-07,3419.45,0.01740579
2020-10-08,3446.83,0.008007135
2020-10-09,3477.13,0.008790685999999999
2020-10-12,3534.22,0.01641871
2020-10-13,3511.93,-0.006306908000000001
2020-10-14,3488.67,-0.006623139
2020-10-15,3483.34,-0.0015278029999999999
2020-10-16,3483.81,0.00013492799999999998
2020-10-19,3426.92,-0.01632982
2020-10-20,3443.12,0.004727277
2020-10-21,3435.56,-0.002195683
2020-10-22,3453.49,0.005218945
2020-10-23,3465.39,0.00344579
2020-10-26,3400.97,-0.01858954
2020-10-27,3390.68,-0.003025607
2020-10-28,3271.03,-0.03528791
2020-10-29,3310.11,0.01194731
2020-10-30,3269.96,-0.01212951
2020-11-02,3310.24,0.01231819
2020-11-03,3369.16,0.01779931
2020-11-04,3443.44,0.02204704
2020-11-05,3510.45,0.01946019
2020-11-06,3509.44,-0.0002877124
2020-11-09,3550.5,0.01169987
2020-11-10,3545.53,-0.0013998029999999998
2020-11-11,3572.66,0.007651888000000002
2020-11-12,3537.01,-0.00997856
2020-11-13,3585.15,0.01361037
2020-11-16,3626.91,0.01164805
2020-11-17,3609.53,-0.004791958000000001
2020-11-18,3567.79,-0.01156383
2020-11-19,3581.87,0.0039464209999999994
2020-11-20,3557.54,-0.006792541
2020-11-23,3577.59,0.005635917000000001
2020-11-24,3635.41,0.01616172
2020-11-25,3629.65,-0.0015844160000000002
2020-11-27,3638.35,0.002396925
2020-11-30,3621.63,-0.004595490000000001
2020-12-01,3662.45,0.01127117
2020-12-02,3669.01,0.0017911510000000002
2020-12-03,3666.72,-0.0006241465000000001
2020-12-04,3699.12,0.008836235000000001
2020-12-07,3691.96,-0.0019355960000000001
2020-12-08,3702.25,0.0027871370000000003
2020-12-09,3672.82,-0.00794922
2020-12-10,3668.1,-0.001285116
2020-12-11,3663.46,-0.00126496
2020-12-14,3647.49,-0.004359267
2020-12-15,3694.62,0.01292121
2020-12-16,3701.17,0.0017728479999999998
2020-12-17,3722.48,0.005757639
2020-12-18,3709.41,-0.0035110999999999996
2020-12-21,3694.92,-0.0039062820000000005
2020-12-22,3687.26,-0.002073117
2020-12-23,3690.01,0.0007458113000000001
2020-12-24,3703.06,0.0035365759999999996
2020-12-28,3735.36,0.008722516000000001
2020-12-29,3727.04,-0.002227362
2020-12-30,3732.04,0.001341547
2020-12-31,3756.07,0.0064388380000000005
2021-01-04,3700.65,-0.01475478
2021-01-05,3726.86,0.00708254
2021-01-06,3748.14,0.005709901000000001
2021-01-07,3803.79,0.01484736
2021-01-08,3824.68,0.005491891
2021-01-11,3799.61,-0.006554796999999999
2021-01-12,3801.19,0.0004158322
2021-01-13,3809.84,0.0022756029999999997
2021-01-14,3795.54,-0.003753438
2021-01-15,3768.25,-0.007190018
2021-01-19,3798.91,0.008136403
2021-01-20,3851.85,0.01393558
2021-01-21,3853.07,0.0003167309
2021-01-22,3841.47,-0.0030105859999999996
2021-01-25,3855.36,0.003615803
2021-01-26,3849.62,-0.0014888360000000001
2021-01-27,3750.77,-0.02567786
2021-01-28,3787.38,0.009760663
2021-01-29,3714.24,-0.019311500000000002
2021-02-01,3773.86,0.01605174
2021-02-02,3826.31,0.01389824
2021-02-03,3830.17,0.001008805
2021-02-04,3871.74,0.010853299999999998
2021-02-05,3886.83,0.003897473
2021-02-08,3915.59,0.007399345999999999
2021-02-09,3911.23,-0.001113498
2021-02-10,3909.88,-0.00034516
2021-02-11,3916.38,0.001662455
2021-02-12,3934.83,0.004710983
2021-02-16,3932.59,-0.0005692749
2021-02-17,3931.33,-0.00032039950000000003
2021-02-18,3913.97,-0.004415808
2021-02-19,3906.71,-0.001854894
2021-02-22,3876.5,-0.00773285
2021-02-23,3881.37,0.001256288
2021-02-24,3925.43,0.01135166
2021-02-25,3829.34,-0.02447885
2021-02-26,3811.15,-0.004750166
2021-03-01,3901.82,0.02379072
2021-03-02,3870.29,-0.008080845
2021-03-03,3819.72,-0.0130662
2021-03-04,3768.47,-0.01341721
2021-03-05,3841.94,0.01949598
2021-03-08,3821.35,-0.005359271999999999
2021-03-09,3875.44,0.01415468
2021-03-10,3898.81,0.006030283000000001
2021-03-11,3939.34,0.01039548
2021-03-12,3943.34,0.001015399
2021-03-15,3968.94,0.006491959
2021-03-16,3962.71,-0.001569689
2021-03-17,3974.12,0.002879343
2021-03-18,3915.46,-0.0147605
2021-03-19,3913.1,-0.0006027389
2021-03-22,3940.59,0.007025121
2021-03-23,3910.52,-0.007630837000000001
2021-03-24,3889.14,-0.005467304
2021-03-25,3909.52,0.0052402329999999995
2021-03-26,3974.54,0.016631200000000002
2021-03-29,3971.09,-0.000868025
2021-03-30,3958.55,-0.0031578229999999997
2021-03-31,3972.89,0.003622539
2021-04-01,4019.87,0.01182515
2021-04-05,4077.91,0.01443828
2021-04-06,4073.94,-0.0009735378999999999
2021-04-07,4079.95,0.00147523
2021-04-08,4097.17,0.00422064
2021-04-09,4128.8,0.0077199630000000016
2021-04-12,4127.99,-0.00019618290000000002
2021-04-13,4141.59,0.0032945820000000003
2021-04-14,4124.66,-0.004087802000000001
2021-04-15,4170.42,0.01109425
2021-04-16,4185.47,0.003608749
2021-04-19,4163.26,-0.005306453
2021-04-20,4134.94,-0.006802361000000001
2021-04-21,4173.42,0.00930606
2021-04-22,4134.98,-0.009210671
2021-04-23,4180.17,0.01092871
2021-04-26,4187.62,0.001782224
2021-04-27,4186.72,-0.00021491919999999998
2021-04-28,4183.18,-0.0008455307000000001
2021-04-29,4211.47,0.006762796999999999
2021-04-30,4181.17,-0.007194636999999999
2021-05-03,4192.66,0.002748035
2021-05-04,4164.66,-0.006678338000000001
2021-05-05,4167.59,0.0007035388
2021-05-06,4201.62,0.00816539
2021-05-07,4232.6,0.007373345999999999
2021-05-10,4188.43,-0.01043567
2021-05-11,4152.1,-0.008673894
2021-05-12,4063.04,-0.02144939
2021-05-13,4112.5,0.01217315
2021-05-14,4173.85,0.01491793
2021-05-17,4163.29,-0.002530038
2021-05-18,4127.83,-0.008517303
2021-05-19,4115.68,-0.002943435
2021-05-20,4159.12,0.01055476
2021-05-21,4155.86,-0.0007838196
2021-05-24,4197.05,0.009911306
2021-05-25,4188.13,-0.002125302
2021-05-26,4195.99,0.0018767329999999998
2021-05-27,4200.88,0.001165398
2021-05-28,4204.11,0.0007688864999999999
2021-06-01,4202.04,-0.0004923753
2021-06-02,4208.12,0.0014469160000000001
2021-06-03,4192.85,-0.0036286990000000004
2021-06-04,4229.89,0.008834086000000001
2021-06-07,4226.52,-0.0007967110000000001
2021-06-08,4227.26,0.00017508490000000003
2021-06-09,4219.55,-0.001823876
2021-06-10,4239.18,0.004652155000000001
2021-06-11,4247.44,0.00194849
2021-06-14,4255.15,0.001815211
2021-06-15,4246.59,-0.00201168
2021-06-16,4223.7,-0.005390206999999999
2021-06-17,4221.86,-0.00043563699999999995
2021-06-18,4166.45,-0.01312455
2021-06-21,4224.79,0.01400233
2021-06-22,4246.44,0.005124515
2021-06-23,4241.84,-0.00108326
2021-06-24,4266.49,0.005811158
2021-06-25,4280.7,0.003330607
2021-06-28,4290.61,0.0023150420000000002
2021-06-29,4291.8,0.0002773498
2021-06-30,4297.5,0.001328114
2021-07-01,4319.94,0.005221641
2021-07-02,4352.34,0.0075001040000000005
2021-07-06,4343.54,-0.002021901
2021-07-07,4358.13,0.003359011
2021-07-08,4320.82,-0.008561011
2021-07-09,4369.55,0.01127795
2021-07-12,4384.63,0.003451156
2021-07-13,4369.21,-0.00351683
2021-07-14,4374.3,0.00116497
2021-07-15,4360.03,-0.003262236
2021-07-16,4327.16,-0.0075389390000000014
2021-07-19,4258.49,-0.01586953
2021-07-20,4323.06,0.01516265
2021-07-21,4358.69,0.008241847
2021-07-22,4367.48,0.002016661
2021-07-23,4411.79,0.01014544
2021-07-26,4422.3,0.002382253
2021-07-27,4401.46,-0.004712480000000001
2021-07-28,4400.64,-0.0001863018
2021-07-29,4419.15,0.0042062060000000005
2021-07-30,4395.26,-0.005406017
2021-08-02,4387.16,-0.0018428939999999999
2021-08-03,4423.15,0.008203485
2021-08-04,4402.66,-0.004632445000000001
2021-08-05,4429.1,0.006005460000000001
2021-08-06,4436.52,0.001675284
2021-08-09,4432.35,-0.0009399259
2021-08-10,4436.75,0.0009927014
2021-08-11,4447.7,0.0024680229999999997
2021-08-12,4460.83,0.002952088
2021-08-13,4468.0,0.001607324
2021-08-16,4479.71,0.00262086
2021-08-17,4448.08,-0.007060725
2021-08-18,4400.27,-0.01074846
2021-08-19,4405.8,0.001256741
2021-08-20,4441.67,0.008141541
2021-08-23,4479.53,0.008523821000000001
2021-08-24,4486.23,0.001495693
2021-08-25,4496.19,0.002220127
2021-08-26,4470.0,-0.0058249320000000005
2021-08-27,4509.37,0.008807605999999999
2021-08-30,4528.79,0.004306588
2021-08-31,4522.68,-0.001349146
2021-09-01,4524.09,0.00031176209999999997
2021-09-02,4536.95,0.002842561
2021-09-03,4535.43,-0.0003350268
2021-09-07,4520.03,-0.003395488
2021-09-08,4514.07,-0.001318575
2021-09-09,4493.28,-0.0046056000000000005
2021-09-10,4458.58,-0.007722644000000002
2021-09-13,4468.73,0.00227651
2021-09-14,4443.05,-0.005746599000000001
2021-09-15,4480.7,0.008473909
2021-09-16,4473.75,-0.0015510970000000002
2021-09-17,4432.99,-0.009110925
2021-09-20,4357.73,-0.01697725
2021-09-21,4354.19,-0.0008123494999999999
2021-09-22,4395.64,0.009519566
2021-09-23,4448.98,0.01213475
2021-09-24,4455.48,0.0014610089999999999
2021-09-27,4443.11,-0.002776356
2021-09-28,4352.63,-0.02036412
2021-09-29,4359.46,0.001569166
2021-09-30,4307.54,-0.01190973
2021-10-01,4357.04,0.01149148
2021-10-04,4300.46,-0.01298588
2021-10-05,4345.72,0.01052446
2021-10-06,4363.55,0.004102888
2021-10-07,4399.76,0.008298289
2021-10-08,4391.34,-0.001913741
2021-10-11,4361.19,-0.006865786
2021-10-12,4350.65,-0.002416772
2021-10-13,4363.8,0.003022537
2021-10-14,4438.26,0.01706311
2021-10-15,4471.37,0.007460131
2021-10-18,4486.46,0.003374805
2021-10-19,4519.63,0.0073933570000000014
2021-10-20,4536.19,0.0036640170000000003
2021-10-21,4549.78,0.0029959059999999996
2021-10-22,4544.9,-0.001072579
2021-10-25,4566.48,0.004748179
2021-10-26,4574.79,0.001819782
2021-10-27,4551.68,-0.005051598
2021-10-28,4596.42,0.009829338
2021-10-29,4605.38,0.0019493429999999999
2021-11-01,4613.67,0.0018000689999999998
2021-11-02,4630.65,0.003680367
2021-11-03,4660.57,0.006461296
2021-11-04,4680.06,0.004181892
2021-11-05,4697.53,0.003732858
2021-11-08,4701.7,0.0008877005
2021-11-09,4685.25,-0.0034987340000000003
2021-11-10,4646.71,-0.008225815000000001
2021-11-11,4649.27,0.0005509274
2021-11-12,4682.85,0.007222639
2021-11-15,4682.8,-1.067726e-05
2021-11-16,4700.9,0.003865209
2021-11-17,4688.67,-0.00260163
2021-11-18,4704.54,0.003384755
2021-11-19,4697.96,-0.0013986489999999999
2021-11-22,4682.94,-0.003197132
2021-11-23,4690.7,0.0016570789999999999
2021-11-24,4701.46,0.002293901
2021-11-26,4594.62,-0.02272486
2021-11-29,4655.27,0.01320022
2021-11-30,4567.0,-0.01896131
2021-12-01,4513.04,-0.0118152
2021-12-02,4577.1,0.01419442
2021-12-03,4538.43,-0.008448581
2021-12-06,4591.67,0.01173093
2021-12-07,4686.75,0.02070706
2021-12-08,4701.21,0.003085294
2021-12-09,4667.45,-0.007181130000000002
2021-12-10,4712.02,0.009549110999999999
2021-12-13,4668.97,-0.009136209
2021-12-14,4634.09,-0.007470598
2021-12-15,4709.85,0.01634841
2021-12-16,4668.67,-0.008743378000000001
2021-12-17,4620.64,-0.01028773
2021-12-20,4568.02,-0.01138803
2021-12-21,4649.23,0.01777794
2021-12-22,4696.56,0.01018018
2021-12-23,4725.79,0.006223704
2021-12-27,4791.19,0.01383896
2021-12-28,4786.35,-0.001010187
2021-12-29,4793.06,0.001401903
2021-12-30,4778.73,-0.0029897390000000004
2021-12-31,4766.18,-0.0026262209999999998
